<?xml version="1.0" encoding="utf-8"?>
<databaseChangeLog
    xmlns="http://www.liquibase.org/xml/ns/dbchangelog"
    xmlns:xsi="http://www.w3.org/2001/XMLSchema-instance"
    xsi:schemaLocation="http://www.liquibase.org/xml/ns/dbchangelog http://www.liquibase.org/xml/ns/dbchangelog/dbchangelog-3.5.xsd">

    <include file="config/liquibase/changelog/00000000000000_initial_schema.xml" relativeToChangelogFile="false"/>
    <include file="config/liquibase/changelog/20181221141053_added_entity_Region.xml" relativeToChangelogFile="false"/>
    <include file="config/liquibase/changelog/20181221141054_added_entity_Country.xml" relativeToChangelogFile="false"/>
    <include file="config/liquibase/changelog/20181221141055_added_entity_Location.xml" relativeToChangelogFile="false"/>
    <include file="config/liquibase/changelog/20181221141056_added_entity_Department.xml" relativeToChangelogFile="false"/>
    <include file="config/liquibase/changelog/20181221141057_added_entity_Task.xml" relativeToChangelogFile="false"/>
    <include file="config/liquibase/changelog/20181221141058_added_entity_Employee.xml" relativeToChangelogFile="false"/>
    <include file="config/liquibase/changelog/20181221141059_added_entity_Job.xml" relativeToChangelogFile="false"/>
    <include file="config/liquibase/changelog/20181221141100_added_entity_JobHistory.xml" relativeToChangelogFile="false"/>
    <!-- jhipster-needle-liquibase-add-changelog - JHipster will add liquibase changelogs here -->
    <include file="config/liquibase/changelog/20181221141054_added_entity_constraints_Country.xml" relativeToChangelogFile="false"/>
    <include file="config/liquibase/changelog/20181221141055_added_entity_constraints_Location.xml" relativeToChangelogFile="false"/>
    <include file="config/liquibase/changelog/20181221141056_added_entity_constraints_Department.xml" relativeToChangelogFile="false"/>
    <include file="config/liquibase/changelog/20181221141058_added_entity_constraints_Employee.xml" relativeToChangelogFile="false"/>
    <include file="config/liquibase/changelog/20181221141059_added_entity_constraints_Job.xml" relativeToChangelogFile="false"/>
    <include file="config/liquibase/changelog/20181221141100_added_entity_constraints_JobHistory.xml" relativeToChangelogFile="false"/>
    <!-- jhipster-needle-liquibase-add-constraints-changelog - JHipster will add liquibase constraints changelogs here -->
</databaseChangeLog>
