{
    "name": "Country",
    "fields": [
        {
            "fieldName": "countryName",
            "fieldType": "String"
        }
    ],
    "relationships": [
        {
            "relationshipType": "one-to-one",
            "relationshipName": "region",
            "otherEntityName": "region",
            "otherEntityField": "id",
            "ownerSide": true,
            "otherEntityRelationshipName": "country"
        }
    ],
    "changelogDate": "20181221141054",
    "entityTableName": "country",
    "dto": "no",
    "pagination": "no",
    "service": "serviceImpl",
    "jpaMetamodelFiltering": false,
    "fluentMethods": true,
    "clientRootFolder": "",
    "applications": "*"
}