{
    "name": "Department",
    "fields": [
        {
            "fieldName": "departmentName",
            "fieldType": "String",
            "fieldValidateRules": [
                "required"
            ]
        }
    ],
    "relationships": [
        {
            "relationshipType": "one-to-one",
            "relationshipName": "location",
            "otherEntityName": "location",
            "otherEntityField": "id",
            "ownerSide": true,
            "otherEntityRelationshipName": "department"
        },
        {
            "relationshipType": "one-to-many",
            "javadoc": "A relationship",
            "relationshipName": "employee",
            "otherEntityName": "employee",
            "otherEntityRelationshipName": "department"
        }
    ],
    "changelogDate": "20181221141056",
    "entityTableName": "department",
    "dto": "no",
    "pagination": "no",
    "service": "serviceImpl",
    "jpaMetamodelFiltering": false,
    "fluentMethods": true,
    "clientRootFolder": "",
    "applications": "*"
}