{
    "name": "Employee",
    "fields": [
        {
            "fieldName": "firstName",
            "javadoc": "The firstname attribute.",
            "fieldType": "String"
        },
        {
            "fieldName": "lastName",
            "fieldType": "String"
        },
        {
            "fieldName": "email",
            "fieldType": "String"
        },
        {
            "fieldName": "phoneNumber",
            "fieldType": "String"
        },
        {
            "fieldName": "hireDate",
            "fieldType": "Instant"
        },
        {
            "fieldName": "salary",
            "fieldType": "Long"
        },
        {
            "fieldName": "commissionPct",
            "fieldType": "Long"
        }
    ],
    "relationships": [
        {
            "relationshipName": "department",
            "otherEntityName": "department",
            "relationshipType": "many-to-one",
            "otherEntityField": "id"
        },
        {
            "relationshipType": "one-to-many",
            "relationshipName": "job",
            "otherEntityName": "job",
            "otherEntityRelationshipName": "employee"
        },
        {
            "relationshipType": "many-to-one",
            "relationshipName": "manager",
            "otherEntityName": "employee",
            "otherEntityField": "id"
        }
    ],
    "changelogDate": "20181221141058",
    "javadoc": "The Employee entity.",
    "entityTableName": "employee",
    "dto": "no",
    "pagination": "infinite-scroll",
    "service": "no",
    "jpaMetamodelFiltering": false,
    "fluentMethods": true,
    "clientRootFolder": "",
    "applications": "*"
}