{
    "name": "Job",
    "fields": [
        {
            "fieldName": "jobTitle",
            "fieldType": "String"
        },
        {
            "fieldName": "minSalary",
            "fieldType": "Long"
        },
        {
            "fieldName": "maxSalary",
            "fieldType": "Long"
        }
    ],
    "relationships": [
        {
            "relationshipName": "employee",
            "otherEntityName": "employee",
            "relationshipType": "many-to-one",
            "otherEntityField": "id"
        },
        {
            "relationshipType": "many-to-many",
            "otherEntityRelationshipName": "job",
            "relationshipName": "task",
            "otherEntityName": "task",
            "otherEntityField": "title",
            "ownerSide": true
        }
    ],
    "changelogDate": "20181221141059",
    "entityTableName": "job",
    "dto": "no",
    "pagination": "pagination",
    "service": "no",
    "jpaMetamodelFiltering": false,
    "fluentMethods": true,
    "clientRootFolder": "",
    "applications": "*"
}