{
    "name": "JobHistory",
    "fields": [
        {
            "fieldName": "startDate",
            "fieldType": "Instant"
        },
        {
            "fieldName": "endDate",
            "fieldType": "Instant"
        },
        {
            "fieldName": "language",
            "fieldType": "Language",
            "fieldValues": "FRENCH,ENGLISH,SPANISH"
        }
    ],
    "relationships": [
        {
            "relationshipType": "one-to-one",
            "relationshipName": "job",
            "otherEntityName": "job",
            "otherEntityField": "id",
            "ownerSide": true,
            "otherEntityRelationshipName": "jobHistory"
        },
        {
            "relationshipType": "one-to-one",
            "relationshipName": "department",
            "otherEntityName": "department",
            "otherEntityField": "id",
            "ownerSide": true,
            "otherEntityRelationshipName": "jobHistory"
        },
        {
            "relationshipType": "one-to-one",
            "relationshipName": "employee",
            "otherEntityName": "employee",
            "otherEntityField": "id",
            "ownerSide": true,
            "otherEntityRelationshipName": "jobHistory"
        }
    ],
    "changelogDate": "20181221141100",
    "entityTableName": "job_history",
    "dto": "no",
    "pagination": "infinite-scroll",
    "service": "serviceImpl",
    "jpaMetamodelFiltering": false,
    "fluentMethods": true,
    "clientRootFolder": "",
    "applications": "*"
}