{
    "name": "Location",
    "fields": [
        {
            "fieldName": "streetAddress",
            "fieldType": "String"
        },
        {
            "fieldName": "postalCode",
            "fieldType": "String"
        },
        {
            "fieldName": "city",
            "fieldType": "String"
        },
        {
            "fieldName": "stateProvince",
            "fieldType": "String"
        }
    ],
    "relationships": [
        {
            "relationshipType": "one-to-one",
            "relationshipName": "country",
            "otherEntityName": "country",
            "otherEntityField": "id",
            "ownerSide": true,
            "otherEntityRelationshipName": "location"
        }
    ],
    "changelogDate": "20181221141055",
    "javadoc": "not an ignored comment",
    "entityTableName": "location",
    "dto": "no",
    "pagination": "no",
    "service": "serviceImpl",
    "jpaMetamodelFiltering": false,
    "fluentMethods": true,
    "clientRootFolder": "",
    "applications": "*"
}