{
    "name": "Task",
    "fields": [
        {
            "fieldName": "title",
            "fieldType": "String"
        },
        {
            "fieldName": "description",
            "fieldType": "String"
        }
    ],
    "relationships": [
        {
            "relationshipType": "many-to-many",
            "relationshipName": "job",
            "otherEntityName": "job",
            "ownerSide": false,
            "otherEntityRelationshipName": "task"
        }
    ],
    "changelogDate": "20181221141057",
    "javadoc": "Task entity.\n@author The JHipster team.",
    "entityTableName": "task",
    "dto": "no",
    "pagination": "no",
    "service": "serviceImpl",
    "jpaMetamodelFiltering": false,
    "fluentMethods": true,
    "clientRootFolder": "",
    "applications": "*"
}